title,abstract,division,department
Niu_2025_Functional_Nanolayer_Dielectrics,"Negatively charged dielectric films have significant potential to improve the performance of semiconductordevices by modifying its carrier densities. Such charges can be embedded by injecting electrons to dielectricdefects, which can be intentionally engineered to control their density and location for specific applications.Understanding the interactions at the charged dielectrics and semiconductor interfaces is also essential foreffective integration into devices.The first part of this thesis focuses on the development of negatively charged dielectrics. The chargingmechanism of defects at the SiOx/AlOx interface was investigated, highlighting the necessity of an electronsource within a critical distance for defect-assisted charge injection. Based on this insight, negatively chargeddielectrics were designed for field-effect doping of 2D semiconductors. Negative corona charge was identifiedas a suitable electron source, offering greater flexibility in charge location. Additionally, corona charging atelevated temperatures was found to generate deep acceptor states, enabling high charge stability at 450 °C.Strategies to fabricate negatively charged dielectrics with a charge density of ~1012 q cm-2 were developed.The second part of this thesis explores the application of negatively charged dielectrics for passivating p-type silicon surfaces. The widespread adoption of silicon solar cells relies on both high energy conversionefficiency and cost-effective manufacturing. A SiOx/AlOx/SiNx passivation stack was designed using achemically grown SiOx layer at low temperature and an ultra-thin (~2.5 nm) AlOx layer while maintaining alow Seff of 6.3 cm/s. Detailed interface analysis revealed characteristic features of AlOx-passivated Si interfacesand the critical role of valence band tail states in evaluating the overall passivation. Advanced atomic-scalecharacterisation using TEM and EELS correlated changes in electrical properties with elemental distributionand bonding configuration. Additionally, the effects of electric field in passivation were investigated,presenting a new strategy for further optimisation of device performance, yielding a further improved Seff of5.5 cm/s on p-type Si. A comprehensive model was proposed to account for the observed changes in interfaceproperties, revealing an inherent correlation between chemical and field-effect passivation.Finally, this thesis presents the application of negatively charged dielectrics for p-type doping of 2D MoS2– an ongoing challenge in incorporating 2D semiconductors in the next generation nanoelectronics. An all-dryfabrication process for 2D MoS2-based field-effect transistors was developed, along with a controlledmeasurement environment to ensure reproducible electrical characterisation while fully preserving thedielectric charges. Correlating multiple characterisation techniques, this work provides converging evidencefor p-type field-effect doping of 2D MoS2, achieving a doping concentration of ~1012 q cm-2 without degradingchannel mobility. A comprehensive model of the dielectric-MoS2 interface was proposed, providing afoundation for further development of this doping strategy.",MPLS,Materials
Brody_2025_Numerical_simulation_of,"Hypersonic flight is an essential component of strategic defense and planetary exploration missions.Recent advances in physical understanding, material technology, and design practice have openednew possibilities both in defense and commercial applications and have led to a resurgence of interestin hypersonic technologies. Aerodynamic heating still presents the primary technical challenge inhypersonic flight. Traditionally, vehicles mitigate large heat loads with blunt leading edges andsometimes ablative thermal protection, accepting reduced aerodynamic performance. Achieving theperformance and maneuverability required for sustained hypersonic flight necessitates sharp leadingedges, making the management of their thermal loads critical for vehicle feasibility. A sharp leadingedge results in a reduced shock standoff distance, leading to a thinner shock layer and reduced drag,but also to increased surface heat flux, which needs an effective and durable mitigation strategy.The costs and technical challenges of flight testing necessitate the use of computational modeling.However, thermochemistry in the hypersonic regime is difficult to analyze and model. Thus, developingaccurate computational means to analyze relevant technologies will provide vehicle designers with theinformation required to achieve mission objectives.The goal of this project is to develop a computationally accurate and inexpensive numericalmethodology for modeling transpiration cooling (TC) on stagnation points, which will experiencethe highest heat loads. This method should incorporate the following phenomena: non-equilibriumthermochemistry, wall catalycity, and species transport to and inside the porous medium. Detailedtemperature profiles and species concentrations in the shock layer and within the porous medium canbe evaluated, with variations in these profiles and in stagnation heat and mass transfer computed asfunctions of flight altitude, speed, leading edge radius, and coolant flow rate and composition.The pursuit of this goal can be divided into three elements: 1) an accurate thermochemical modelsuitable for gas mixtures with general molecular weights; 2) a numerical solution method capable ofrepresenting the stagnation line from the shock layer to the flow within the porous medium; and finally3) a comprehensive study of conditions at the stagnation point of a TC cooled tip resulting in improvedcorrelations. Improvements in the thermochemical modeling are introduced through the evaluation ofcollision integrals using the Stockmayer potential for polar species, such as NO, CO, CN, and CH. Theaccurate evaluation of transport properties for atmospheres containing polar species makes the presentwork relevant to atmospheric entry problems on Mars/Jupiter as well as to active cooling systemsthat may introduce such species into flow around a hypersonic vehicle. The TC solver developed aspart of this work is capable of accurately modeling stagnation line flows with low computational cost.The solution method retains the full detail of the thermochemical model along the entire length of thestagnation line, including in the porous medium. The solver has been validated for both non-blowingand blowing applications. Results are presented on the comparison of coolant effectiveness for a generictest case. Finally, surface properties, catalycity and treatment of the wall temperature are studied tounderstand their impact on stagnation line profile, surface heat flux, and surface species concentration.These investigations allowed for the development of correlations for heat and mass Stanton numberreduction.This research aimed to develop a computationally accurate and efficient numerical solver capableof modeling transpiration cooling specifically at stagnation points under conditions of thermochemicalnon-equilibrium and to leverage this tool for a detailed characterization of the TC problem across awide operational parameter space. The work explicitly addressed key physical phenomena central tohypersonic flows with mass injection, including the complexities of non-equilibrium thermochemistryand multicomponent transport properties.",MPLS,Engineering Science
Ehrenfels_2025_The_epistemology_of,"This thesis addresses the question ‘Under what circumstances is it warranted to interpret symmetry-related models as equivalent?’. Moller-Nielsen [2017] distinguishes between interpretationalist and motivationalist attitudes towards this question. Interpretationalists maintain that observationally indistinguishable symmetry-related models may invariably be interpreted as equivalent. Motivationalists on the other hand argue that one is only licenced to do so once one has found a coherent account of the ontology shared by the symmetry-related models. This account is to be supplied in the form of a core model common to the symmetry-related models. This thesis contributes to the debate by defending a moderate form of motivationalism. It sets out by arguing for an approach to theory interpretation this thesis calls ameliorative interpretation. Subsequently, a moderate motivationalism is defended against both interpretationalism and more demanding forms of motivationalism. The motivationalism defended here is distinguished by (1) insistence that the construction of common core models is crucial to judgments of equivalence for symmetry-related models, (2) the view that where a common core construction falls short of providing a coherent ontology for the symmetry-related models, a judgment of equivalence can in certain cases nonetheless be secure, and (3) rejection of demands to the effect that the common core must take the form of an intrinsic theory in the sense of Jacobs [2022a]. The thesis also addresses how common core theories are to be constructed. An ecumenicism about the approaches of reduction and sophistication (Dewar [2019]) is defended, and it is argued that reduction is a more promising approach to reformulation than is often assumed. Finally, the thesis considers extensions of motivationalism to (a) nomic possibility and (b) dual theories. With respect to the latter, this thesis aims to show that a phenomenon Putnam [1977, 1980, 1987, 2001] calls ‘conceptual relativity’ does not pose a problem for motivationalism.",HUMS,International Development
Greenrod_2025_Temperature_as_a,"Thermal change has a profound impact on species fitness, ecological interactions, andevolutionary dynamics. Parasite communities are particularly sensitive to thermal change dueto their complex life cycles, strong competition for host resources, and dependence on hostthermal responses. Previous literature assessing the effects of thermal change on parasites hasprimarily focused on the relationship between parasites and their hosts. However, hosts innatural populations are frequently co-infected by a diversity of parasites which interact toreduce host fitness and increase host mortality rates. Despite the importance of parasitecommunities in animal and plant health, the extent to which thermal change alters parasitecommunity dynamics, composition, and diversity remains unclear. In this thesis, I assessedthe impact of temperature on parasite community ecology and evolution using a microbialhost-parasite system consisting of the bacterium Pseudomonas aeruginosa (host) and threelytic bacteriophages (parasite). Firstly, I conducted an experimental study looking at theimpact of temperature on growth rates, life-history traits, and competition in a phagecommunity. Phages were found to vary in their responses to temperature and so thermalchange altered competition outcomes and drove phage community composition shifts. I thenused experimental evolution and follow-on genomic and phenotypic analyses to assess theinteraction between thermal adaptation and phage community dynamics. I discovered thatphages can avoid thermal extinction through evolutionary rescue. Rescue, however, results inchanges to competition outcomes and promotes the exclusion and evolutionary constraint ofphage competitors. This body of work demonstrates that thermal change is a major driver ofparasite community ecology and evolution. The findings have implications for understandingthe role of temperature in the structure and dynamics of phage communities associated witheukaryotic hosts, as well as the efficacy of phage therapies. More broadly, they show thatthermal change can alter community dynamics and drive eco-evolutionary feedbacks, withconsequences for species coexistence amidst global climate change.",MPLS,Philosophy
Chao_2025_Synthetic_transmembrane_transporters,"The thesis describes the design and synthesis of photo-activated intra-vesicle catalysis systems.By regulating the transmembrane delivery process of catalytic species in response to light,photoresponsive catalysis within lipid bilayer membrane-bound systems can be achieved. Thisconcept is demonstrated by two intra-vesicle catalysis systems: a photoresponsivetransmembrane transport system for Pd(II) in combination with encapsulated water-solublephosphine ligands, and a photo-activated delivery system for catalytic Ru complexes.Chapter 1 introduces the field of synthetic supramolecular membrane systems and theirapplications in biological relevant contexts. Current progress in intracellular catalysis and thepotential of synthetic supramolecular membrane systems in this area are also discussed.Chapter 2 details a novel Pd(II) transport system and demonstrates its application in mediatingcatalysis within vesicles, in combination with water-soluble phosphine ligands encapsulated in thelumen.Chapter 3 demonstrates that the Pd-induced catalysis within vesicles can be controlled by lightthrough photocaging of the transporter introduced in Chapter 2.Chapter 4 establishes a photoresponsive Ru catalyst capable of mediating catalysis in lipid bilayervesicles, where the catalytic activity is initiated via light-activated transmembrane delivery.Chapter 5 outlines the experimental procedures employed throughout the work.Chapter 6 concludes the thesis and discusses potential topics for future investigation.",MPLS,Chemistry
Gao_2025_Association_between_neuroticism,"BACKGROUND: Neuroticism, a personality trait reflecting a tendency towards negativeemotions, has been linked to poor health outcomes. Evidence suggests an associationbetween higher neuroticism and dementia risk, although studies have been limited by smallsamples, short follow-up, and insufficient exploration of underlying pathways.METHODS: First, a systematic search (up to December 2023) was conducted to identifystudies investigating associations of neuroticism with incident dementia, cognitive function,and structural brain outcomes. Second, UK Biobank analyses of 174,164 adults aged ≥60years (up to 16 years follow-up) used Cox proportional hazards models to assess theassociation between baseline neuroticism (Eysenck Personality Questionnaire-Revised ShortForm) and incident dementia (hospital inpatient and death records), with mediation analysesto explore pathways. Third, EPIC-Norfolk analyses of 19,678 adults aged 40–80 years (up to26 years follow-up) assessed long-term associations across mid- to later life with dementiarisk, and also examined associations with multi-domain cognitive function. Fourth,associations between neuroticism and 249 circulating metabolites were examined in 215,624UK Biobank participants; neuroticism‐linked metabolites were then tested for associationswith incident dementia. Significant observational findings were further evaluated using two-sample Mendelian randomisation (MR) to assess their robustness. Finally, associationsbetween neuroticism and 1,747 brain structural outcomes were investigated in 36,901 UKBiobank participants, with mediation and bidirectional MR analyses to assess pathways anddirectionality.RESULTS: The systematic search confirmed a consistent association between higherneuroticism and increased dementia risk, and highlighted key evidence gaps. In UK Biobank,neuroticism showed a dose-response association with dementia risk, partly mediated bymental and vascular conditions. EPIC-Norfolk analyses demonstrated that this associationpersisted across ages 40–80 years and >20 years of follow-up, with higher neuroticism alsolinked to poorer performance across multiple cognitive domains. Metabolomic analysesrevealed that neuroticism was associated with an adverse profile, including lower omega-3fatty acids, particularly docosahexaenoic acid (DHA), which in turn was related to higherdementia risk; MR supported a pathway from genetically predicted neuroticism to lowerDHA and greater cerebrovascular burden. Brain-wide analyses showed that higherneuroticism was associated with smaller frontal grey matter volumes and widespreaddifferences in white matter microstructure. These structural differences were partly mediatedby mental and vascular conditions, and MR analyses suggested that they may be aconsequence of, rather than a vulnerability to, high neuroticism.CONCLUSIONS: This thesis provides robust evidence that higher neuroticism is associatedwith an increased long-term risk of dementia, with pathways involving mental and vascularconditions as well as lower omega-3 fatty acids. Neuroticism is also broadly associated withpoorer cognitive performance and structural brain features relevant to ageing and dementia.These findings highlight the potential role of neuroticism in dementia risk stratification andsuggest that, while neuroticism itself may be difficult to modify, targeting vascular andmental health factors in individuals with high neuroticism could represent a practical avenueto help reduce dementia burden.",MSD,Nuffield Department of Population Health
Parkes_2025_Magnetically-activated_DNA_and,"Nucleic acids serve as the fundamental building blocks for life, encoding geneticinformation that enable organisms to function. Ground-breaking research translating nucleicacids into therapeutic modalities has culminated into more than 21 approved drugs,including the mRNA-based vaccines for COVID-19. Their simplicity in design and abilityto target disease-causing genes that are deemed “undruggable” using conventional smallmolecules has accelerated research efforts. However, their susceptibility to nucleasedegradation and anionic charge inhibiting cell internalisation has driven research into drugdelivery strategies. A prevalent example is spherical nucleic acids, a delivery platformcomprising nucleic acids radially arranged around a nanoparticle-based core that traversesthe cell membrane and the blood-brain barrier. As fundamental building blocks, nucleicacids can be transformed into proteins through the process of transcription and translationfor therapeutic effect. Recently, synthetic biology has been used to produce these therapeuticproteins inside the body, capitalising off synthetic cells as novel drug delivery devices.Synthetic cells have comparable dimensions to eukaryotic cells, comprising lipid bilayersthat encapsulate a cell-free protein synthesis system and DNA templates that encode adesired function. The flexible design of synthetic cells increases their technological values,facilitating the production of pharmaceutically-relevant proteins by accommodating non-biological components, driving applications in drug delivery.To realise the potential of these delivery platforms, the drug should be activated and/orreleased on-demand and targeted to a specific tissue. The ability to control the function ofnucleic acids with an external stimulus is complementary to active targeting and holdspromise for improving biodistribution in-vivo. An ideal stimulus is alternating magneticfields, which are tissue-penetrating and biocompatible. Magnetic nanoparticles act asheating mediators and dissipate thermal energy in alternating magnetic fields. This heating,termed magnetic hyperthermia, is a clinical cancer therapy.In this project, a novel delivery platform was designed, synthesised and validated, whichexploited magnetic hyperthermia to control the function of nucleic acids. The design wasinspired by the spherical nucleic acid architecture, whereby the installation of asuperparamagnetic core enabled the heat dissipated in an alternating magnetic field torelease bound DNA and activate a downstream process. Initially the platform was validatedby controlling the release of an antisense oligonucleotide, influencing the on-demanddegradation of target mRNA and selectively controlling gene knockdown with magnetichyperthermia. The platform was then expanded to release the T7 promoter sequence andselectively control cell-free protein synthesis in an alternating magnetic field. Thesecomponents were encapsulated inside a lipid bilayer, which enabled the in-situ productionand release of cargo from within synthetic cells using magnetic hyperthermia. The magneticregulation of gene expression throughout this project was achieved using clinically-tolerablemagnetic field strengths and frequencies. The newly-developed delivery platform thatharnessed magnetic hyperthermia to control the function of nucleic acids has the potentialto revolutionise targeted drug delivery, activating the drug itself (in the case of antisenseoligonucleotides) or catalysing the in-situ production and release of pharmaceutically-activemolecules (in the case of synthetic cells) only at the target tissue.",MPLS,Chemistry
Taskesen_2025_Tuning_magnetism_and,"This thesis reports the synthesis and characterisation of various layered mixed transition metalchalcogenide and pnictide materials. The commonality between the studied systems is that theyexhibit exotic magnetic phenomena, such as high- and low-Tc superconductivity and long-rangemagnetic order of the 3d transition metal moments.Chapter 3 details the effect of Ni substitution in ACo2Ch2 phases, where A = K, Rb, Cs, and Ch = S,Se. All of the Co-based phases show ferromagnetism, with the sole exception of antiferromagneticCsCo2Se2, suggesting that larger interlayer separation favours antiferromagnetic order. On the otherhand, all ANi2Ch2 phases show paramagnetism with a low-Tc superconducting transition below 2 K.Upon substitution of Ni for Co, a solid solution forms, which is evident from Synchrotron PXRD,and magnetometry measurements reveal a region of antiferromagnetic ordering, before the onset ofparamagnetism at high substitution levels. These drastic changes in magnetism arise from theaddition of an electron to the 3d band of the metallic ACo2Ch2 phases. The antiferromagneticmembers of the KCo2−xNixCh2 (Ch = S, Se) series were studied by neutron powder diffraction,revealing A-type antiferromagnetism in x = 0.5 and 1 members, while the long-range magnetic orderwas not detected in x = 1.5 member. The refined magnetic model is highly anisotropic and ischaracterised by ferromagnetic coupling between Co/Ni ions within the (Co/Ni)2Se2 sheets and anantiferromagnetic interaction between the adjacent (Co/Ni)2Se2 sheets along the stacking axis. Themechanisms responsible for the different types of magnetic coupling are direct ferromagneticinteractions between transition metal ions within the plane, while the RKKY mechanism isresponsible for the between-the-plane antiferromagnetic coupling, as the distance between the planesis too large (~5 Å) for any kind of direct interaction. PND of the CsCo2−xNixSe2 solid solution alsoshowed A-type antiferromagnetism in its x = 1 member, and an intriguing structural distortion wasfound from Synchrotron PXRD for a small region of compositions between 1.1 ≤ x ≤ 1.4. Thetetragonal symmetry of the parent phase is lowered to orthorhombic in these compositions.Chapters 4 and 5 detail the effect of chemical disorder and pressure, respectively, on the 1144 familyof iron-based superconductors. CaKFe4As4 is subject to chemical doping with small amounts of Cato introduce chemical disorder on one of its sublattices, however, the phase behaves as a line phaseand its structural features do not allow any disorder on any of the sublattices. On the other hand,SrRbFe4As4 is subject to elevated pressures in a high-pressure Synchrotron PXRD experiment. It isfound that no lattice collapse, driven by formation of As-As bonds, occurs between 0-26 GPa, as wasreported in the case in related compounds.Chapter 6 details the high-pressure synthesis of LaNixBi2, a low-Tc superconductor with a very smallsuperconducting volume fraction. It is found that superconductivity likely has an extrinsic origin, aseven a highly pure LaNixBi2 shows minimal superconducting volume fraction and itssuperconducting features, including Tc and Hc1 are coincidental with that of Ni-Bi secondary phases.",MPLS,Chemistry
Rad_2025_Police_Unionism,"In 2024, there were over 1,300 incidents of police violence, the highest number since data has beencollected on police killings of civilians (Campaign Zero 2025). While police violence across the U.S.persists, there is significant variation in fatal violence applied by police agencies, an institution thatplays a critical role in preserving racial authoritarianism in the U.S. While scholarship has identified amyriad of factors to consider when examining variation in police violence, one understudiedinstitution is police unions. This dissertation develops a novel, scalable index of policeprotectionism, capturing the presence and type of officer protections embedded in collectivebargaining agreements (CBAs) and Law Enforcement Officers’ Bills of Rights (LEOBORs). This isthe first large-N tool designed to evaluate long-standing theoretical claims about how policeprotections contribute to violent outcomes. Using this index, I first examine what correlates withhigher levels of police protections and find that racial segregation and violent crime are significantfactors. I then illustrate how the index can be used to assess whether protections correlate with fatalpolice violence. Across the 100 largest U.S. metropolitan areas, each additional protection category isassociated with a 10% (9.9%) increase in police killings. These models are not causal butdemonstrate the index’s analytic value and provide support for the theory that protections mayfacilitate police violence.Finally, to understand the broader police union mechanisms that may contribute to policeviolence beyond protections found in CBAs and LEOBORs, I conduct a paired case study of unionsin Chicago, IL, and Dallas, TX. While police protections may have a relationship with policeviolence outcomes, police union activities beyond protections, such as those in the politicaldimension (i.e., campaign contributions), are critical to our understanding of the role police unionsplay in preserving the institution which is necessary to achieve meaningful public safety reinvention.",SSD,Sociology
Zong_2025_Sustainable_removal_of,"Conventional wastewater treatment often fails to remove persistent antibioticmicropollutants like tetracycline, which spread antimicrobial resistance. This thesiscomprehensively develops, optimizes, and benchmarks advanced oxidation processes(AOPs) for the eco-friendly degradation of these contaminants.The work begins with the design and experimental validation of a novel sono-reactor system that utilizes TiO2 fractured nanoshells to enhance acoustic cavitation andradical generation. Through a detailed parametric investigation—including reactiontime, acoustic pressure, pH, catalyst loading, and hybrid conditions—rapid tetracyclinedegradation was achieved (100% degradation from 5 mg/L in 5 minutes).In the second phase, a process-level environmental evaluation was conducted usinglife cycle assessment to compare different experimental scenarios. It was found thatwhile sono-based systems excelled in operational performance, they incurred highelectricity-related emissions under current UK grid conditions. However, underprojected 2050 green electricity scenarios, the environmental burden shifted towardcatalyst synthesis. An improved continuous-flow system employing metal foam insteadof synthesized nanoparticles was proposed, resulting in a significant reduction in CO2emissions.The third research phase expanded the analysis to a comparative LCA and techno-economic assessment (TEA) of five representative AOP technologies: sono-, photo-,sonophoto-, Fenton-, and electrochemical processes. The results showed that electricity2usage (up to 83%) and catalyst synthesis (up to 98%) were dominant contributors toenvironmental impact. The sono-based method offered superior operationalperformance but high emission due to massive electricity consumption, whileconventional Fenton processes exhibited low emission under present conditions (1.2 vs0.478 kg-CO2/L).By integrating experimental innovation with environmental and economicevaluation, this thesis provides a novel framework for guiding the development of AOPtechnologies for their effectiveness in pollutant degradation and life cycle sustainability.The outcomes emphasize a crucial shift in research perspective—from prioritizingperformance alone to making environmentally-informed decisions in the design andimplementation of future water treatment systems.",MPLS,Engineering Science
Van_Zijl_2025_Modelling_the_mechanisms,"Healthy cerebral blood flow (CBF) control is vital to maintain sufficient oxygenperfusion to brain tissue and prevent brain damage. CBF is therefore controlled by,amongst others, two main global mechanisms: dynamic cerebral autoregulation (dCA),that responds to changes in arterial blood pressure (ABP) to keep steady state CBF nearconstant, and dynamic cerebrovascular reactivity (dCVR) that responds to vasoactivesubstances such as CO2. However, CBF control is impaired in a range of cerebrovasculardiseases, including stroke and dementia, and treatments are limited by the lack ofunderstanding of the underlying mechanisms of dCA and dCVR.This thesis investigated the mechanisms that govern dCA and dCVR bycombining physiological modelling with time series analysis under differentphysiological conditions. Simple physiological models of the CBF mechanisms weredeveloped and model parameters were optimised with experimentally-derived impulseresponses (IRs). dCA was investigated by representing its myogenic and metabolicresponses each by a gain and time constant in a physiological model, to disentangle theircontributions. Parameters were optimised with a dataset where CBF was represented bycerebral blood velocity (CBv) measured with transcranial Doppler ultrasonography(TCD) under different physiological conditions, where normocapnia and thigh cuffconditions represented intact dCA and hypercapnia represented impaired dCA. Both themyogenic and metabolic responses were found to be impaired (p-values < 0.001) and themetabolic response to be specifically slowed down (p-values < 0.001) in hypercapnia.dCVR was investigated by representing the vasculature’s response to changes inCO2 by a gain and two time constants in a physiological model. The model produced theCO2-flow IR shape most commonly reported in previous data-driven literature, animprovement on models that include the effects of CO2 with only one time constant.Model parameters were optimised with the TCD dataset under normocapnia andhypercapnia, and one dCVR time constant was found to be significantly affected byphysiological condition (p-values < 0.001, except one analysis where p-value < 0.05),becoming smaller in hypercapnia compared to normocapnia. Potential sex-specific effectson the gain (p-value < 0.05) and time constants (p-values < 0.001) were also found. ThedCVR model was expanded for use with a dataset where CBF was represented by blood-oxygen-level-data (BOLD) measured with functional magnetic resonance imagining(fMRI). A group comparison was performed between postpartum women and controls butsignificant differences were not found in the brain regions investigated in this thesis.Brain region was, however, found to significantly affect all model parameters(p-values < 0.001), highlighting the spatial heterogeneity of dCVR and motivatingapplication of the dCVR physiological model with BOLD-fMRI data.The results of this thesis contribute to the understanding of the complexities ofdCA and dCVR and how they are affected under different physiological conditions. FordCA, specific mechanisms could be investigated, and for dCVR, a first link between thegrowing body of data-driven dCVR studies and its underlying physiology was presented,using both TCD data, as is typical for the dCA community, and BOLD-fMRI data, whichis typical for the dCVR community.",MPLS,Engineering Science
Rhee_2025_Frazil_ice_crystal,"Frazil ice crystals are small, often disk-shaped, millimetre sized crystals that formin supercooled turbulent water. Frazil ice crystals are found in rivers, lakes andthe sea. Despite their small size, frazil ice crystals have significant impacts oninfrastructure and the climate, in particular through the role frazil ice formationplays in the water transformation processes in coastal polynyas. The processesgoverning the evolution of a frazil ice crystal population are complex. One of theseprocesses is collisions between frazil ice crystals. It is hypothesised that this processcan result in crystal fracture, and is responsible for the rapid increase in the numberof frazil ice crystals that has been observed in experiments. Despite its significance,many uncertainties remain about how to parametrise crystal collisions and manykey physical processes are unaccounted for. In this thesis we include some of theseprocesses into a model for frazil ice crystal collisions.Typical models assume that the crystal collision rate can be determined bycalculating the number of crystals each frazil ice crystal meets per second as it movesthrough a fluid. The other crystals are assumed to be stationary and point-like. Wedevelop a model for crystal collisions that accounts for the velocity and finite size ofboth crystals and better accounts for the cylindrical shape of the crystals. We derivea new method to distribute fractured particles into the crystal population whichbetter accounts for the size difference between the fractured crystal and the originalcrystal. We also use the lubrication approximation to calculate the hydrodynamicforces on 2D plates and 3D crystals as they approach and find a critical velocity forcollision when the crystals approach close to parallel. We also obtain the conditionsfor fracture of 2D plates by elastic bending.Including these non-hydrodynamic processes leads to a large increase in thecollision rate and a decrease in the mean radius of the crystal population whencompared to a typical frazil ice model. Hydrodynamic effects act to reduce thenumber of collisions. However, there are still discrepancies between our model andexperimental results. We hypothesise a main cause of these differences is fromneglecting flocculation and assuming that collisions always introduce crystals ofthe smallest size class. This suggests that future models could be improved byfocussing on understanding these processes.",MPLS,Physics
Mangas_Araujo_2025_Micromechanical_modelling_of,"Many soft materials consist of rubbery networks of polymer chains held together by crosslinks.These materials can undergo large elastic deformations, making them attractive to engineer-ing, biomedical and consumer applications. Their mechanical response is intimately linked tothe architecture of the underlying network. Consequently, understanding and predicting theirbehaviour requires models that account for their microstructure. This thesis contributes tothis goal through the development of a comprehensive micromechanical modelling frameworkthat combines discrete network (DN) simulations with continuum theories, enabling systematicinvestigations of elasticity, failure, and chemical degradation in rubber-like materials. In elas-ticity, we use DN simulations to link network structure to macroscopic mechanical properties,identifying the distribution of initial chain end-to-end distances as a key factor. Using DNresults as a reference, we further show that many of the underlying assumptions of contin-uum micromechanics models do not hold. In modelling failure, the DN model augmented withdeterministic chain scission reveals that damage is a localised process significantly impactedby local microstructural heterogeneities. Our results also show that classical semi-analyticalestimates cannot predict failure in DNs. In chemical degradation, our DN model combinedwith stochastic chain scission shows that force-biased chain cleavage accelerates degradation, afeature captured by the continuum model we proposed. However, DN simulations reveal addi-tional effects that cannot be reproduced by the continuum model, such as anisotropic damageand more severe deterioration of elastic properties as scissions become increasingly force-biased.Altogether, this thesis gives fresh insights into the mechanics of rubbery networks, importantfor the development of constitutive theories with improved predictive capabilities.",MPLS,Engineering Science
Birkhoelzer_2025_Investigation_of_skeletal,"Despite advances in treatment, heart failure (HF) remains a leading cause of morbidity andmortality worldwide. This thesis demonstrates the use of magnetic resonance imaging (MRI) andmultinuclear magnetic resonance spectroscopy (31P, 1H, 13C MRS) techniques to examine threestructurally and metabolic different phenotypes of HF: non-ischaemic cardiomyopathy withreduced ejection fraction and iron deficiency (Chapter 3 IRON HEART), metabolic HF withpreserved ejection fraction (Chapter 4 DICE), and pressure overload induced HF (Chapter 5 HYPERHEART). The overarching aim was to characterise myocardial and skeletal muscle energetics in eachphenotype and examine the effect of three targeted interventions – intravenous iron,Ninerafaxstat, and aortic valve intervention, on substrate metabolism, mitochondrial function andfunctional outcomes.Chapter 3 described the first study (IRON HEART) combing cardiac and skeletal muscle energeticassessment following intravenous ferric carboxymaltose in non-ischaemic cardiomyopathy andiron deficiency. Intravenous iron has shown benefits in large trials, reducing symptoms, improvingexercise capacity, and lowering hospitalisation rates, though mechanisms remain unclear. Theresults demonstrated a significant improvement in ejection fraction, exercise capacity, and skeletalmuscle mitochondrial capacity without an improvement in myocardial energetics. These findingssuggest a combined benefit of iron on cardiac and skeletal muscle, warranting larger trials.Chapter 4 (DICE) demonstrates a proof of concept for metabolic modulation in HFpEF and thepotential for cardiac mitotropes to become an additional pillar in the treatment of metabolicHFpEF. The novel mitotrope, Ninerafaxstat, as a partial fatty acid inhibitor, was safe and improvedcardiac energetics by restoring metabolic flexibility. The energetic improvement was linked toincreased exercise capacity and symptoms. It is the first of its kind and might offer potential as atargeted therapy in a phenotype with limited treatment options.Chapter 5 (HYPER HEART) explored the metabolic adaptations before and after pressure unloadingin severe aortic stenosis. The study revealed a dissociation between structural and metabolicrecovery post valve intervention. It highlighted the potential role of multinuclear magneticresonance spectroscopy and imaging to guide timing of valve intervention, in particularly inasymptomatic patients who already display structural remodelling.",MSD,Radcliffe Department of Medicine
Optimising_CRISPR_sgRNA_delivery_strategies_for_the_treatment_of_retinal_diseases,"Gene therapy for inherited retinal diseases (IRDs) has traditionally focussed on geneaugmentation. However, the advent of CRISPR/Cas9 has changed the researchlandscape dramatically. Theoretically able to correct almost any mutation,CRISPR/Cas9 is an attractive tool for IRD therapeutics, many untreatable by geneaugmentation. However, numerous challenges exist for Cas9 delivery to retina. Thisthesis explores non-viral, separate delivery of Cas9 sgRNA as a way to overcomethese limitations.The ability of unpackaged RNA oligonucleotides to enter retina from intravitrealinjection has been shown by chemically modified antisense oligonucleotides (ASOs).Similar modifications applied to Cas9 sgRNA have been used effectively in vitro, andin vivo in liver, but not in the eye. In this thesis I investigate the use of chemicallymodified Cas9 sgRNA as a proof-of-concept for retinal therapeutics. First, Iexamined sgRNA modification pattern and number, and showed that variations canenhance or abrogate EGFP and Cas9 knockdown for SpCas9, SaCas9, and a SpCas9prime editor in vitro in HEKdEGFP cells without toxicity. Next, I examined retinaldistribution and survival of unpackaged sgRNA in vivo using qPCR and directvisualisation of fluorescently-labelled chemically modified sgRNA. This revealed thatintravitreally-injected sgRNA enters the retinal ganglion cell (RGC) layer and survivesfor at least 1 month without toxicity, but is rapidly lost from vitreous, whilesubretinally-injected sgRNA survives in the retina for at least 8 weeks without toxicity.Finally, I examined indel formation in vivo, targeting photoreceptor-level EGFP in theNrl.EGFP mouse with subretinal unpackaged sgRNA and AAV8-GRK1-Cas9, andRGC-level EGFP using intravitreal unpackaged sgRNA in the Cas9EGFP mouse. Thisrevealed that heavily modified SpCas9 sgRNA successfully effects indel formation inRGCs, but not in photoreceptors, perhaps due to sgRNA trapping in outer segmentsor within other retinal cells. As part of this thesis, I also characterised retinal Cas9expression of several transgenic Cas9-expressing mice using Western blot, in vivoimaging, and IHC.",MSD,Clinical Neurosciences
Vacalis_2025_Classical_and_quantum,"This thesis presents methods for producing and detecting gravitational waves(GWs) and particles within or beyond the Standard Model. Chap. 2 andChap. 3 describe axion production from an accelerated electron within theWKB approximation. In Chap. 2, we consider an electron accelerated by atime-dependent external potential and consider two trajectories: uniform ac-celeration and oscillating motion in a standing wave created by two counter-propagating linearly polarized laser beams. We calculate the spectrum andtotal energy of the emitted particles. Chap. 3 generalizes the results ofChap. 2 for an arbitrary electromagnetic field. We find that the rotation ofthe electron spin follows the Thomas-BMT equation. We propose an exper-imental setup for producing axions using laser beams and converting theminto photons to impose bounds on the axion-electron coupling constant. Wefind that the addition of magnetic fields significantly increases particle pro-duction. The projected bounds are similar to other laboratory-based exper-iments for axion masses ma . 10 keV. Chap. 4 discusses the Unruh effect,which is essential to describe radiation from an accelerating charge in its restframe. We couple a classical source to a scalar field and derive the emissionrate and power. The latter agrees with the classical Larmor result for scalarparticles. In Chap. 5, we generalize the results of Chapter Chap. 4 and dis-cuss emission of photons in the context of the Unruh effect. Finally, Chap. 6is dedicated to the production and detection of GWs using high-energy pulsedlasers through the Gertsenshtein effect. Whereas the strain of produced GWsis too weak to be detected, we find that with today’s laser performances, onecould detect GWs of astrophysical origin with strains h & 10−20 and in thefuture, sensitivities of h & 10−26 could be reached.Overall, the thesis examines the plausibility to use high-energy lasers to pro-duce and detect particles of spin 0, 1 and 2 (where for the spin 2 case, weconsider classical GWs instead of gravitons).",MPLS,Physics
Rosen_2025_Exhibiting_wounds_difficult,"Cora Diamond introduced the concept of a ‘difficult reality’ – a reality that disrupts andwounds our capacity for sense-making – in her 2002 essay, “The Difficulty of Reality andthe Difficulty of Philosophy”, in response to misunderstandings of the work of StanleyCavell and J. M. Coetzee. In the decades since, this concept has been employed and projectedinto new contexts in many ways, across the disciplines of philosophy, literary theory andcriticism, theology, and political theory. However, the breadth of its application and thevariety of Diamond’s own examples – from fictional lectures about the horrors of industrialagriculture to poetry about war’s insanity – present challenges for those seeking to make useof the concept.Part I of this thesis, ‘Cora Diamond’s Difficult Realities’, suggests a way to make sense ofthe concept as well as the bewilderment readers can experience in encountering Diamond’sessay. I believe that Diamond is pointing us to significant truths about what it is to be sense-making creatures, whose lives and habits of mind can be injured by realities that thwartcomprehension. Focusing on Diamond’s main examples – a poem about the deaths of sixyoung men in war by Ted Hughes, a novel about our treatment of animals by J. M. Coetzee,and Stanley Cavell’s exploration of skepticism about other minds – I aim to identify thegrammar of a difficult reality, so that we can see how the concept’s later uses shift and extendits meaning. Chapter 1 examines Diamond’s introduction of the concept and identifies fourguidelines for its application. Chapter 2 focuses on the ways in which our modes of sense-making can turn us away from difficult realities, which Diamond describes using theCavellian concept of deflection. And Chapter 3 considers how acknowledgment of theseinjuries to sense-making finds expression in testimony.Part II, ‘Difficult Testimony’, projects the concept of a difficult reality into new contextswhere testimony both resists and solicits sense-making. This not only illuminates thesecontexts but deepens our understanding of Diamond’s concept. Chapter 4 characterizes IrisMurdoch’s Metaphysics as a Guide to Morals as shaped to testify to difficult realities. Thisexplains its baffling architecture and shows the pressure that acknowledgment of difficultrealities can exert on philosophy. Chapter 5 turns to Carys Bray’s recent climate fiction Whenthe Lights Go Out, making the case that it too is shaped to testify to difficult realities and tostage the mutual incomprehension they open onto. This explains its defiance of theexpectations we might have for a work of climate fiction and shows the pressure thatacknowledgment of difficult realities can exert on literature. I describe both books asexemplary instances of testimony to difficult realities: they exhibit the wounds these realitiesinflict on sense-making, ask for our acknowledgment as they provoke misinterpretation, andleave us vulnerable to analogous wounds.In seeing how sufferers of difficult realities testify to their experience by exhibiting theirwounds, we can better understand the difficult realities we and our fellows may confront,how they disclose our inscrutability to each other, and what they reveal about the kind ofanimal we are.",HUMS,Philosophy
Hartinger_2025_Reducing_respiratory_losses,"Enhancing agricultural productivity remains critical for global food security. Whilemany strategies target improved photosynthetic carbon fixation, reducing respira-tory carbon losses has recently emerged as a complementary approach, as sug-gested by comprehensive mapping of plant metabolic networks.This thesis investigates a novel strategy to reduce respiratory carbon losses byrefixing CO2 produced by nocturnal respiration and making it available again forreassimilation into metabolism before it escapes to the atmosphere.Using constraint-based metabolic modelling of central metabolism, I examinedwhether plant metabolic networks possess inherent capacity for nocturnal CO2refixation under carbon-limited conditions. Multiple approaches to induce carbonlimitation in a diel leaf model revealed that CAM cycling emerged as the onlyplant-native pathway allowing substantial recovery of nocturnal respiratory CO2.Despite additional metabolic costs, CAM cycling enhanced growth under carbon-limited conditions in the absence of water stress.To explore alternative nocturnal CO2 refixation strategies, I developed a baselinemodel, which experienced carbon limitation, but was indirectly prevented fromusing CAM cycling. This model was then used to evaluate the potential of a het-erologous CO2-fixing pathway to enhance carbon conversion efficiency and plantgrowth. Integration of the synthetic crotonyl-CoA/ethylmalonyl-CoA/hydroxybutyryl-CoA (CETCH) cycle into the model revealed that its NADPH costs and the limitedcapacity of the plant metabolic network to regenerate NADPH at night substan-tially restricted the cycle’s effectiveness for nocturnal CO2 refixation in plants.Finally, a reinvestigation of a Marchantia-specific model with experimentally de-termined parameters indicated that, contrary to previous modelling results, noc-turnal CO2 refixation through CAM cycling is likely unnecessary for this plant toachieve observed growth rates.This research provides insights into the feasibility of nocturnal respiratory CO2 re-fixation strategies and offers important design considerations for future metabolicengineering approaches.",MPLS,Plant Sciences
Sassarini_2025_Frege_puzzles_in,"Frege puzzles arise in opaque contexts—linguistic contexts in which sentences that differonly in co-referential expressions appear to differ in truth value. These cases challenge theprinciple of compositionality, which holds that the semantic value of a complex expressionis determined by the semantic values of its parts, and thus expressions with the samesemantic value should be freely substitutable without affecting truth value. Propositionalattitude verbs such as “know” and “believe”, as well as explanatory terms like “because”,are taken to generate opacity: both attitude ascription and explanation appear to be sensitivenot only to the referents of the relevant expressions, but also to the manner in which thosereferents are represented.This dissertation examines a range of philosophical problems through the frameworkof Frege puzzles. Chapter 1 discusses verbal disputes; Chapter 2 addresses the KnowledgeArgument against physicalism; Chapter 3 analyses reductive accounts of metaphysicalexplanation. The dissertation aims to show, first, that the semantics of propositional attitudeascriptions plays a central role in these debates, and that the intuitions driving themfrequently arise from the presence of expressions that give rise to apparently opaquecontexts. Second, it argues that potential solutions to the problems in question—includingthe relevant error theories—often amount, in effect, to familiar strategies for resolving Fregepuzzles.By drawing out these connections, the dissertation aims to offer a unifyingframework that brings together seemingly unrelated issues, while providing insights into thescope and significance of Frege puzzles and the conceptual tools involved in theirformulation. More broadly, this dissertation seeks to motivate an anti-exceptionalist stanceto the problems discussed. Recognizing these issues as manifestations of a familiarphenomenon reduces the need for ad hoc theoretical devices tailored to each individual case.",HUMS,Philosophy
Teng_2025_New_machine_identity,"Machine-to-machine communication (M2M) refers to the communication betweenmachines without the active intervention of human users. As the credentials ofa machine that form the machine’s identity are made up of secret information,this brings detrimental effects to the security of M2M communication if thesecrecy of the machine credentials is compromised by an adversary. This thesisstrengthens the security of M2M communication protocols to address the problemsof credential compromise in three different applications of M2M communication:remote access applications using the Secure Shell (SSH) protocol, automateddevelopment workflows within internal organisational networks, and end-to-endencrypted instant messaging applications using the Signal protocol.We improve the SSH protocol to provide a novel detection mechanism againstan adversary that can simultaneously compromise the long-term identity keys ofboth the SSH client and server, offering the detection of the adversary even whenthe adversary can access and compromise the SSH server as root. We additionallypropose a framework as a solution to counter the credential leakage problem inautomated development workflows within internal organisational networks wherecredentials are often hard-coded or embedded into the application source codeor automation scripts, mitigating the implications of a credential leakage to anadversary that compromises the credentials and uses them to access applicationservices in the system. We further propose improvements to the Signal protocol toenhance the key authentication of the protocol with the purpose of providingthe detection of an active Man-in-the-Middle adversary that compromises allsecrets of a communicating client, with our solution built directly into the Signalprotocol without requiring any out-of-band channel or user interaction and withoutintroducing additional parties into the communication system.We provide computationally secure solutions in each of the M2M applicationdomains to facilitiate real-world deployments without requiring specialised machines.We further perform the necessary security analysis to prove our novel securityguarantees while also preserving the existing guarantees of the solutions that ourimprovements build on. Finally, we implement proof-of-concept software for eachof our solutions to demonstrate its practicality.",MPLS,Computer Science
El-Machachi_2025_Investigating_amorphous_graphene,"The atomic-level structure of amorphous solids, which lack long-range order, hasbeen a long-standing challenge at the crossroads between chemistry, physics andmaterials science for over a century. This thesis addresses this fundamental questionby employing state-of-the-art atomistic simulation techniques to investigate topo-logical disorder in two-dimensional carbonaceous materials: graphene and grapheneoxide (GO).A central theme is the application of machine learning interatomic potentials(MLIPs) to explore complex potential energy surfaces that are inaccessible to con-ventional methods. First, a novel approach is introduced where machine-learnedatomic energies are used to drive bond-switching Monte–Carlo simulations. Thismethod successfully navigates the configurational space of graphene, providing fea-sible computational models of both continuous random network and paracrystalline(cybotactic) structures and offering a unique energetic fingerprint to distinguish be-tween them where traditional structural descriptors, such as the radial distributionfunction, fall short.Next, this thesis details the development of a bespoke, highly accurate MLIP forgraphene oxide (GO-MACE-23) using an iterative, on-the-fly training workflow. Thispotential is used to simulate the thermal reduction of a large-scale GO structuralmodel, revealing the dynamic transformation into reduced graphene oxide (rGO).The resulting rGO structure, which is cybotactic in nature and features pores andembedded oxygen functional groups, shows excellent agreement with experimentalobservations, a conclusion supported by simulated X-ray photoelectron spectroscopy(XPS) that matches experimental spectra.Finally, the GO-MACE-23 potential is applied to investigate the structure-propertyrelationships governing the mechanical behaviour of GO and rGO. Uniaxial strainsimulations reveal that the mechanical response is highly dependent on the type anddistribution of oxygen functional groups. Structures rich in epoxide groups exhibita more plastic response, while hydroxyl-rich structures are more brittle, providingkey insights for designing functionalised graphene materials with tailored mechanicalproperties for applications in flexible electronics and composite reinforcement.Collectively, this work demonstrates the power of machine learning in advancingour fundamental understanding of amorphous materials, providing not only newstructural insights but also robust computational tools for the predictive design ofnext-generation carbon-based technologies.",MPLS,Chemistry
Wong_2025_Synthesis_of_Novel,"S(VI) based moieties exhibit promising pharmacological properties, and are present in over 150 FDAapproved drugs currently available on the market. In this thesis, a variety of vinyl sulfonimidamides weresynthesised and evaluated for their potential as bioisosteres of acrylamides. Furthermore, a novelmethodology for the synthesis of rarely reported iminosulfamides was developed, employing a Lewis-acidmediated SuFEx amination system. The method enabled access to a broad variety of iminosulfamidederivatives with different amidic components.Chapter 1 is a review introducing S(VI) functionalities, focusing on current synthetic strategies used foraccessing sulfonamides, sulfonimidamides, sulfamides and iminosulfamides. The properties andapplication of these compounds are also described.Chapter 2 focuses on the synthesis of NH vinyl sulfonimidamides, through a single-step from an aryl-ONSO reagent, a vinyl organometallic, and an appropriate amine. These vinyl sulfonimidamides haveshown good reactivity towards cysteine and lysine derived nucleophiles, and the electrophilicity of thesereagents can be modulated by choice of the imidic N-substituents and alkene substituents to achievereactivity either above or below the corresponding acrylamide.Chapter 3 describes a general and practical approach for synthesising a variety of sulfuramidimidoylfluorides, through a key elimination/fluorination process using sulfonimidamide substrates. With theinstallation of electron withdrawing pivaloyl group, the reactivity of the S(VI) fluoride was enhanced, anda mild SuFEx amination reaction allowed the access to a wide variety of iminosulfamides, which werepreviously considered synthetically challenging.Chapter 4 summarize the research and discusses potential areas for future work.Chapter 5 provides experimental procedures and data for this research.",MPLS,Chemistry
Heath_2025_Optimising_implant_pegs,"Cementless orthopaedic implants are commonly held in place in the surrounding bone by aninterference fit between fixation geometry and the bone. This fixation geometry often takes the formof a peg. The over-arching aim of this thesis was to use a finite element approach to improve theprimary fixation of an orthopaedic peg which would be applied to a Unicompartmental KneeReplacement (UKR) tibial component. The achievement of this aim was broken into three objectives:To generate an optimised finite element model for the prediction of pull-out force of a peg, which isrelated to primary fixation; To use the model to design an optimal peg for primary fixation; Todevelop a knee simulator that could be used to assess the primary fixation of implants using variouspeg designs under physiological loading, through the measurement of micromotion.A series of material models were compared to determine the most accurate for predicting the pull-out force of a 5.65mm diameter round nose peg in PCF 20 polyurethane foam bone analogue, in theclinically relevant interference range of 0.6mm – 1.2mm. It was found that the most accurate of thesewere plastic hardening models, specifically the Drucker-Prager and Von-Mises models, with allplastic hardening models tested falling under a ±15% error bound in the interference range 0.6mm –1.2mm. A further study showed that the Drucker-Prager model, with the addition of accuratematerial data and element deletion, benefited most from a uniform structured mesh therebyreducing the simulation error by 7.4%. The final error in the interference range 0.6mm – 1.2mm was5.40% ± 3.15% 95% CI. It was also shown that this model was generalisable to foams of lowerdensities (PCF 12, 15). With accurate material data, the maximum error of 16.07% ± 2.75% 95% CI wasfor PCF 12, and the minimum error of 4.10% ± 2.29% 95% CI was for PCF 15.The developed FEA model was then used to design an optimal peg for primary fixation. This wasdone by initially considering the pressure distribution on the surface of the peg, which was shown tobe highest at midpoint of the peg length for pull-out. A series of nose cone forms were evaluatedusing the FEA model, with an LV Haack nose form being selected due to its relatively mild responseto changing fineness ratio. From experimental validation a 3mm nose length (fineness ratio 1.875)was selected as the optimal nose form for primary fixation. This resulted in an average of ~30%increase in pull-out force in the clinically relevant range compared to a conventional round nose peg,and an average of ~40% increased pull-out force over the whole interference range 0.4mm – 1.6mm.At a lower interference the same primary fixation could be achieved with an estimated ~61%reduction in stress from insertion forces and estimated ~157% factor of safety increase over thecurrent design. The benefit over a round nose peg was an estimated ~18% stress reduction andestimated ~22% factor of safety increase with the new 3mm LV Haack peg.As this new peg would require evaluation under physiological loading for primary fixation in termsof micromotion, a novel UKR simulator was developed and characterised in relation to adisplacement profile input as a first step in addressing this need. The root mean square error (RMS)was calculated between the demand and measured displacement. The machine was shown to have abase (RMS) error under constant vertical load (5N) of 0.48mm ± 4.49*10-3mm 95% CI in the anteriorposterior axis and 5.91deg ± 0.29deg 95% CI in the flexion axis. The error was also characterisedunder altering vertical loading and lubrication conditions. Lubrication was found to be necessary torun the machine at loads greater than 600N. With further development, the machine is hoped to beused to evaluate primary fixation of novel peg designs under dynamic physiologically relevantloading.This thesis has achieved each objective that it set out to achieve. Specifically, a finite element modelhas been developed and optimised. That model was used to design a novel peg, a 3mm LV Haackdesign which sufficiently improved pull-out force production, by ~30%, compared to a conventionalround nose peg at the same interference. Finally, a knee wear simulator was developed andrecommendations were made to allow it to be developed to be capable of measuring micromotion.Future work is needed to validate the peg for clinical applicability. Moreover, the wear simulatorshould be developed further to allow micromotion studies. It is hoped that the contributions of thisthesis will lead to better clinical outcomes for patients.",MSD,NDORMS
Whitehead_2025_Structural_Studies_of,"Influenza viruses cause an estimated 3-5 million severe cases of contagiousrespiratory disease and regularly lead to up to 650,000 deaths annually according tothe World Health Organisation, posing a significant burden to global public healthsystems. Despite decades of research, our structural understanding of key viralcomponents remains incomplete. Central to the viral lifecycle is the transcription andreplication of the segmented negative sense viral RNA genome, packaged into the viralribonucleoprotein complex (vRNP). The vRNP comprises one copy of viral RNAcorresponding to one genome segment, one copy of the heterotrimeric influenzapolymerase complex, and multiple copies of the viral nucleoprotein. Thenucleoprotein serves the dual purpose of protecting viral RNA from host immunerecognition, while also facilitating genome transcription and replication, making itboth essential for viral function and a prime target for the host innate immuneresponse.The mode of RNA and immune factor binding to the nucleoprotein remains structurallyunresolved. Further, despite significant e^ort both in this laboratory and in others, thenative structure of the vRNP remains unknown.During this DPhil, I have aimed to answer these questions using biochemical,biophysical, and structural techniques. In this thesis, I present the structure of apreviously-unsolved avian influenza A virus nucleoprotein using cryo-electronmicroscopy single particle analysis. I biochemically and biophysically characterise theinteraction of two human innate immune factors with susceptible avian influenza Avirus nucleoproteins and show that the interaction of these immune factors isselective for avian strains. I describe novel approaches to solving vRNP structure, amethod of coating influenza virus vRNPs with binding factors of interest, and presenta low-resolution 3D reconstruction of the vRNP.The findings presented in this thesis advance our understanding of influenza virusarchitecture, host-pathogen interactions, and demonstrate the successful applicationof a number of structural techniques to the study of structural virology.",MSD,NDM
Johnson_2025_Exploring_the_role,"Primary cilia are essential organelles in skeletogenesis, with key roles in chondrogene-sis, osteogenesis and limb patterning. The micrometre-scale size and delicate structureof primary cilia poses a signiﬁcant challenges to their in vivo analysis, particularly, forexample, within the matrix rich, dense but also dynamic environment of the growthplate. In this project, I developed and applied a high-resolution 3D imaging andanalysis pipeline to characterise primary cilia organisation in the postnatal murinegrowth plate. Using endogenous ﬂuorescent reporters and semi-automated imageanalysis, I quantitatively mapped cilia prevalence, orientation, length and basalbody positioning across thousands of chondrocytes from multiple anatomical regions.These data revealed spatial patterns in cilia organisation, particularly in the restingzone of the middle of the growth plate, implying local micro-environmental inﬂuences.To investigate the functional relevance of these patterns, I examined how geneticdeletion of Ift88 and mechanical unloading a!ect ciliary structure and growth platearchitecture. Both Ift88 deletion and limb o""oading resulted in tibial growthplate shortening accompanied by subtle reductions in percentage ciliation in thehypertrophic zone. These did not arise with changes in cilia length or orientation,raising questions about the relationship between ciliary morphology and function.My ﬁndings, combined with other studies in the literature, suggest that primarycilia may integrate spatial and mechanical cues in a context-dependent mannerand highlight the need for further research into the molecular mechanisms linkingcilia structure to tissue-level outcomes.I then described the further development of an in vitro osteochondral model,incorporating a BMP-2 gradient and mechanical loading to assess cilia-mediatedresponses in a controlled bioengineered context. Adipose-derived murine mesenchymalstem cells and costal chondrocytes were used as a chondroprogenitor source in orderto exploit the genetic tools available in mouse lines, such as conditional Ift88 deletion.Although di!erentiation of mouse MSCs proved di#cult, the system demonstratedthe feasibility of generating a spatially patterned growth factor gradient in vitro andapplying mechanical loading, o!ering a promising framework for further reﬁnement.Together, this work combines in vivo and in vitro approaches to advance our under-standing of primary cilia in skeletal development and provides methodological plat-forms for future research in cartilage biology mechanotransduction and ciliopathies.",MSD,NDORMS
Liang_2025_The_effects_of,"Connected speech processes (CSPs) refer to alterations in pronunciation that occur whenwords are spoken in fluent speech, as opposed to when they are articulated individuallyand with care, known as their ‘citation form’. For example, the two words find and outmay sound different when each word is pronounced carefully in isolation, compared towhen they are spoken spontaneously in a context like ‘let’s find out’ in which the phrasemay sound remarkably similar to fine doubt. Research shows that these CSPs oftenimpinge on second language (L2) learners’ speech perception. However, few studies havesystematically explored the relative impact of various CSP categories on learners withspecific language backgrounds, and the extent to which learners may benefit fromtargeted pedagogical interventions in terms of intelligibility, comprehensibility, andgeneral listening comprehension. Therefore, this research incorporates two cumulativephases, aiming to (1) identify the extent to which a range of English CSPs affect adultMandarin-speaking learners’ L2 speech perception; and (2) evaluate the effectiveness ofdistinct pedagogical interventions targeting the most challenging CSP categories for thislearner population.Phase 1: DiagnosisIn Phase 1, ten categories of English CSPs were selected for investigation. 50 adult nativeMandarin-speaking participants with advanced proficiency in English were recruited asan experimental group, and 20 adult native English speakers served as a comparisongroup. Participants were assessed for their ability to transcribe words spoken in citationform versus the same words spoken in connected speech featuring the target CSPs.Results indicated that L2 participants experienced a significantly greater decline intranscription accuracy from citation form to connected speech, compared to L1participants, suggesting that CSPs had a more detrimental impact on their performance.Critically, the level of difficulty varied across CSP categories, with disparities in accuracybetween connected speech and citation form ranging from 13 to 49 percentage points. Sixcategories of CSPs were identified as particularly challenging for these L2 learners:Deletion of Onset, Glide Insertion, Reduction of Stop, CC-V Linking, Palatalisation,Regressive Assimilation.Phase 2: InterventionBased on the diagnostic results, Phase 2 implemented an intervention study to furtherexamine the effects of teaching (the ‘intervention’) about the six CSP categories identifiedas the most challenging. 66 adult native Mandarin-speaking university students fromTaiwan studying English-related disciplines and possessing upper-intermediate toadvanced proficiency were recruited. Participants were randomly assigned to one of threegroups, each receiving distinct pedagogical interventions. The first group receivedexplicit rule explanation of CSPs, the second group was guided to notice pronunciationalterations without explicit rule explanation, and the third, a control group, engaged inlistening comprehension practice without a direct focus on pronunciation. All participantscompleted a pre-test, an intervention programme, and a post-test. Language inputthroughout the interventions was highly controlled across all three groups, despite thedifferent pedagogical approaches: sample words and sentences illustrating the targetCSPs were identical in all three conditions.Bayesian mixed effects regression modelling and Bayes factor analysis were employedto evaluate the effectiveness of the interventions. Results indicated an overallimprovement in intelligibility, as measured by transcription accuracy of CSP-affectedwords. However, gains in general listening comprehension, though numerically present,were not statistically robust. Unexpectedly, participants exhibited a decline incomprehensibility ratings, based on their perceived ease of understanding the connectedspeech items. Despite the main effects observed when data across all groups wereaggregated, there was no evidence of interactions between group (three conditions) andassessment (pre-test and post-test) for these measures, suggesting that the relativeeffectiveness of the three intervention conditions remained inconclusive: neither thealternative hypothesis (H1: differential effects across conditions) nor the null hypothesis(H0: no differential effects across conditions) was supported by the data. The findings arediscussed in relation to their theoretical and pedagogical implications, along withdirections for future research on CSPs and L2 speech perception.",SSD,Education
Wellalagodage_2025_An_analysis_of,"The focus of this thesis is the estimation of cardiac output and mixed venous O2 sat-uration (Sv ̄O2) through the analysis of respired gases. Current methods for measuringthese parameters are limited by invasiveness, inaccuracy, or impracticality. Computedcardiopulmonography (CCP) is a novel technique for the assessment of respiratory andcardiac function, where each of these limitations may be addressed. CCP combines amolecular flow sensor (MFS) with a comprehensive cardiopulmonary model to providenon-invasive estimates of these, along with other cardiopulmonary parameters, throughhighly accurate and contemporaneous measurements of respired gases. Here, its applicationis tested in three different cohorts.Chapter 1 provides an overview of the physiology and conditions relevant to the co-horts studied. In addition, the development of the various methods of measuring andestimating cardiac output are discussed, along with the historical context for the experi-mental methods discussed in this thesis.In Chapter 2, CCP is introduced. The physical principles which allow for the MFSto record precise and contemporaneous breath-by-breath data, and the computationalmodel, which is comprised of separate sub-models, is discussed in detail. Previous workundertaken with CCP is also presented.Chapters 3 and 5 describe the results of the two clinical cohorts studied, the pulmonaryhypertension and cardiac surgery patient cohorts, respectively. Both studies were conceivedwith the aim of comparing non-invasive CCP estimates of cardiac output and Sv ̄O2 againstthe invasive clinical reference standards of measurement. The pulmonary hypertensioncohort study involved awake and spontaneously breathing participants, while the cardiacsurgery cohort study included participants who were mechanically ventilated, followingtheir postoperative admission to the intensive care unit. For the pulmonary hypertensioncohort, CCP estimates for cardiac output were slightly biased towards underestimating thedirect Fick cardiac output (mean difference: -0.25 L/minute, limits of agreement -1.9 to 1.4L/min). For the cardiac surgery cohort, significant technical limitations made comparisonbetween CCP cardiac output and Sv ̄O2 estimates against the reference measurementsdifficult. The adjustments necessary to the respective CCP-based protocols due to thesedifferences were explored.Chapter 4 involves the study of healthy volunteers, with the primary objective of bridgingthe protocols used for awake participants in chapter 3 and mechanically ventilated onesin chapter 5. Due to the invasive nature of reference measurements for cardiac outputand Sv ̄O2, participants in this study instead underwent multiple protocols with differentexperimental configurations for comparison. Intraclass correlation coefficients (ICC) werecalculated for each protocol. The open-circuit exogenous tracer gas protocol had thehighest (best) cardiac output ICC at 0.87. Conversely, the closed-circuit exogenous tracergas protocol was the worst of the four protocols at 0.64. The two identical CO2 basedprotocols differed in their ICC values at 0.71 and 0.86.Chapter 6 provides the overall conclusions gained from the results of the studies inthis thesis. The potential for future work, which has been directed by these results, is alsodiscussed.",MSD,Physiology Anatomy and Genetics
Senese_2025_Structure_of_many-body,"This thesis investigates the dynamics of quantum many-body systems in isolation,in three different setups.We start by considering a paradigmatic quantum chaotic model of magnetism,the Heisenberg antiferromagnet in 2 and 3 spatial dimensions. The focus is onobtaining approximations for the full counting statistics (FCS) of a subsystem orderparameter, the staggered magnetization, both in and out of equilibrium (followingquantum quenches). We employ mappings of spin variables to bosonic ones, togetherwith self-consistent time-dependent mean-field schemes, to compute the FCS viaGaussian techniques. In particular, we introduce a formula for the FCS of anysubsystem observable that is at most quadratic in the bosons. We obtain resultsboth in the presence and absence of long-range magnetic order.We then turn to the first of two ergodicity-breaking scenarios, by consideringHilbert space fragmentation (HSF) in charge- and dipole-conserving quantum chains.We determine the critical charge density at which a “freezing” phase transition fromweak to strong fragmentation takes place, for any on-site Hilbert space dimension. Tocharacterize the degree of dynamical connectivity in the system, we introduce a novelframework that enables us to obtain analytic results for the strongly fragmentedphase, and numerically explore the weakly fragmented one. We derive some criticalexponents, and show that the entanglement entropy of typical eigenstates in thestrongly fragmented phase obeys an area law. We also uncover the existence of rareeigenstates whose entropy appears to scale beyond any area law.Finally, we investigate dynamical correlators in the Lieb-Liniger gas, one ofthe simplest interacting integrable theories solvable by Bethe ansatz. We employMarkov chain Monte Carlo methods to sample matrix elements (form factors) thatappear in the Lehmann representation of the finite-temperature single-particlebosonic Green’s function. In the physical regimes we consider, sampling is necessarybecause a full summation of the relevant form factors is computationally intractable.We benchmark our results against exact solutions available in specific limits, andfind them to be very accurate.",MPLS,Physics
Zhou_2025_Moderators_and_mediators,"Anxiety disorders are among the most common mental health problems in children and areassociated with significant negative outcomes for individuals, families, and society. Cognitivebehaviour therapy (CBT) is the most extensively supported approach for the prevention andtreatment of child anxiety disorders; however, traditional modes of CBT delivery areresource-intensive and require a lot of therapist input, limiting access to many children inneed. Low-intensity forms of CBT have been developed to increase access, includingtherapist-guided parent-delivered CBT (GPD-CBT), in which parents work through a self-help book or website with therapist support (in person or remotely) to learn how to use CBTtechniques to help their child cope with anxiety-provoking situations. Evidence suggests thatGPD-CBT programmes, including those delivered online with remote therapist support, areeffective for the prevention and treatment of childhood anxiety disorders. However, little isknown about what may influence the outcomes of this approach (moderators) andmechanisms through which it works (mediators). This thesis aimed to expand currentunderstanding of these two questions using a multi-method approach, with the goal ofproviding insights to optimise the design and delivery of future GPD-CBT programmes tobetter support children and families with diverse needs.A meta-analytic review, a quantitative study, and a qualitative study were conducted toinvestigate moderators of GPD-CBT for child anxiety. The meta-analytic review (Chapter 2)examined the moderating role of a range of sample and intervention characteristics on theeffectiveness of CBT for the prevention and treatment of anxiety disorders in children andadolescents reported in randomised controlled trials (RCT). However, only a few RCT studiesincluded in the review focused specifically on GPD-CBT, limiting the generalisability ofreview findings to this specific approach. A quantitative study (Chapter 3) and a qualitativestudy (Chapter 4) were then conducted to investigate moderators of an online GPD-CBTprogramme targeting young children (4-7 years) identified at risk of anxiety disordersevaluated in a RCT study. Findings indicate that the intervention was effective across a widerange of child and parent characteristics. Although some child and parent characteristics wereassociated with poorer outcomes or engagement, specific intervention components helpedparents overcome these challenges (e.g., flexible time scheduling, exercises that can fit indaily routine), and certain process-related factors (e.g., having clear goals, being persistent)enabled more effective implementation of the intervention. Using data from the same RCTstudy, a quantitative study (Chapter 5) and a qualitative study (Chapter 6) were alsoconducted to investigate mediators of GPD-CBT for child anxiety. Findings identified a rangeof changes in children and parents during the intervention that may help explain its effects inreducing child anxiety symptoms and illustrated how these changes occurred and how theycollectively contributed to reductions in child anxiety.Taken together, the empirical findings of this thesis provide preliminary evidence on themoderators and mechanisms of GPD-CBT for child anxiety. These insights could inform thedesign and delivery of future GPD-CBT programmes for child anxiety, particularly regardingwho may benefit from this approach, key targets, and components of the intervention, andhow to support parents to overcome challenges and implement this approach effectively.However, focusing on a specific GPD-CBT programme means it is unclear to what extentthese findings can be generalised to other GPD-CBT programmes delivered in differentformats and/or targeting different populations. Nevertheless, this thesis indicates promisingdirections for future research to investigate moderators and mechanisms in more diverseGPD-CBT programmes for child anxiety using a multi-method approach.",MSD,Experimental Psychology
Collingwood_2025_A_computational_model,"The neural mechanism of action-selection is often modelled as a combination ofgoal-directed learning and habitual movements. Impairments in the function andinterplay of these processes are associated with the aetiology of many neural pathologies.Until recently, a fundamental discrepancy existed in the definition of habits betweenexperimental and computational models.Experimentally, habits are defined as the reward-independent, stimulus-responserelationships which form when an action is regularly executed in the same context,regardless of outcome. In contrast, computational models largely represent habitsthrough model-free algorithms reliant on reward prediction errors.This thesis expands upon proposals by Miller et al.1 and Bogacz2 which resolve thisinconsistency through dopaminergic action prediction errors, rather than reward.Specifically, we extend their work to test for the existence of such signals in neural andbehavioural data. To this aim, two novel computational models are developed andthen compared in their ability to replicate the associated data against the gold-standardreward prediction error equivalents.This thesis first focusses on dopaminergic signals across continuous time. Webegin by outlining our ‘temporal-difference action learning’ algorithm, which usesbiologically-plausible mechanisms to determine how dynamic changes in actionintensity influence the resultant prediction errors across near-continuous time. We thendemonstrate that dopaminergic data collected by Greenstreet et al.3from the tail of thestriatum is better represented by action prediction errors than reward.The later chapters explore the detection of value-free habits under time-constrainedconditions in human behavioural data from Hardwick et al.4. This required the creationof our ‘two-drift race diffusion model’ and corresponding analytical solutions since, toour knowledge, no algorithms previously existed that included mid-trial drift changesin multi-alternate forced choice paradigms. We finally establish that most participants’behaviour was best described by stimulus-response relationships which evolved fromaction prediction errors.Overall, our results support the existence of value-free action prediction errors andassociated habitual behaviour in dopaminergic signals and human behavioural data.This thesis also provides a proof-of-concept application of our novel models andopens the avenue for future research to test their predictions more directly using dataspecifically collected for this purpose.",MSD,Clinical Neurosciences